Server,Answer
32-108-115.compute-1.amazonaws.com,6.459787069595446
ec2-320-64-102.compute-1.amazonaws.com,96.52991372004472
ec2-344-104-28.compute-1.amazonaws.com,87.23167942109426
ec2-256-125-204.compute-1.amazonaws.com,4.5171149720663575
