Server,Answer
Goru,6.459787069595446
Murgi,96.52991372004472
